{"cameraMode":{"drawMode":0,"name":"Shaded","section":"Shading Mode"},"sceneLighting":true,"audioPlay":false,"sceneViewState":{"m_AlwaysRefresh":false,"showFog":true,"showSkybox":true,"showFlares":true,"showImageEffects":true,"showParticleSystems":true,"showVisualEffectGraphs":true,"m_FxEnabled":true},"in2DMode":false,"pivot":{"x":24.446046829223634,"y":-7.839390754699707,"z":42.03062438964844},"rotation":{"x":0.10307742655277252,"y":0.24301999807357789,"z":-0.025978663936257364,"w":0.964204728603363},"size":20.733783721923829,"orthographic":false}